id,Dress_ID,Style,Price,Rating,Size,Season,NeckLine,SleeveLength,waiseline,Material,FabricType,Decoration,Pattern Type,Recommendation
1,1006032852,Sexy,Low,4.6,M,Summer,o-neck,sleevless,empire,null,chiffon,ruffles,animal,1
2,1212192089,Casual,Low,0,L,Summer,o-neck,Petal,natural,microfiber,null,ruffles,animal,0
3,1190380701,vintage,High,0,L,Automn,o-neck,full,natural,polyster,null,null,print,0
4,966005983,Brief,Average,4.6,L,Spring,o-neck,full,natural,silk,chiffon,embroidary,print,1
5,876339541,cute,Low,4.5,M,Summer,o-neck,butterfly,natural,chiffonfabric,chiffon,bow,dot,0
6,1068332458,bohemian,Low,0,M,Summer,v-neck,sleevless,empire,null,null,null,print,0
7,1220707172,Casual,Average,0,XL,Summer,o-neck,full,null,cotton,null,null,solid,0
8,1219677488,Novelty,Average,0,free,Automn,o-neck,short,natural,polyster,broadcloth,lace,null,0
9,1113094204,Flare,Average,0,free,Spring,v-neck,short,empire,cotton,broadcloth,beading,solid,1
10,985292672,bohemian,Low,0,free,Summer,v-neck,sleevless,natural,nylon,chiffon,null,null,1
11,1117293701,party,Average,5,free,Summer,o-neck,full,natural,polyster,broadcloth,lace,solid,0
12,898481530,Flare,Average,0,free,Spring,v-neck,short,null,nylon,null,null,animal,0
13,957723897,sexy,Low,4.7,M,Winter,o-neck,threequarter,null,null,chiffon,lace,print,1
14,749031896,vintage,Average,4.8,M,Summer,o-neck,short,empire,cotton,jersey,null,animal,1
15,1055411544,Casual,Low,5,M,Summer,boat-neck,short,null,cotton,null,sashes,solid,0
16,1162628131,Casual,Low,0,free,Winter,boat-neck,full,null,other,other,lace,null,0
17,624314841,cute,Average,4.7,L,spring,o-neck,short,null,cotton,null,sashes,solid,1
18,830467746,bohemian,Medium,5,free,Automn,o-neck,full,natural,null,null,hollowout,patchwork,1
19,840857118,Brief,Average,0,M,Winter,peterpan-collor,threequarter,natural,cotton,null,null,patchwork,0
20,1113221101,Sexy,Average,5,M,Automn,o-neck,sleevless,empire,milksilk,null,null,null,1
21,861754372,Sexy,Average,4.5,L,Automn,o-neck,full,null,cotton,null,beading,solid,0
22,856178100,Casual,Low,4.3,M,Summer,o-neck,sleevless,natural,null,chiffon,null,solid,0
23,1122989777,Brief,Low,4,XL,Summer,v-neck,short,natural,cotton,null,pockets,solid,0
24,840516484,Sexy,Average,4.7,S,Summer,v-neck,sleevless,empire,cotton,null,sequined,solid,1
25,768517084,Sexy,Average,0,free,Automn,v-neck,sleevless,natural,polyster,null,lace,patchwork,0
26,1139843344,Sexy,Average,0,M,Automn,o-neck,sleevless,empire,cotton,broadcloth,null,print,0
27,1004212992,Sexy,Average,4.7,M,Spring,o-neck,sleevless,natural,null,null,null,solid,1
28,1235426503,Casual,Low,0,L,Summer,o-neck,sleevless,natural,cotton,jersey,null,print,0
29,942808364,cute,Low,4.3,free,Automn,o-neck,sleevless,natural,polyster,chiffon,sashes,striped,0
30,629131530,cute,Low,4.7,M,Spring,ruffled,short,empire,chiffonfabric,chiffon,bow,dot,1
31,851945460,Casual,Average,4.6,L,Automn,o-neck,sleevless,empire,polyster,chiffon,ruffles,solid,0
32,1150275464,Casual,Low,0,M,Spring,o-neck,sleevless,natural,silk,chiffon,applique,solid,1
33,1026634314,Casual,Average,4.4,L,Automn,o-neck,sleevless,natural,linen,chiffon,ruffles,animal,0
34,978773911,Brief,Average,4.3,L,Spring,o-neck,sleevless,empire,null,null,bow,solid,1
35,827791337,party,High,4.7,M,Spring,o-neck,threequarter,null,null,null,null,print,0
36,640823350,Casual,Low,4.6,free,Winter,boat-neck,full,natural,cotton,null,null,patchwork,1
37,801861988,vintage,Average,4.6,free,Winter,o-neck,full,natural,null,chiffon,null,print,1
38,1060207186,Brief,Average,0,M,Automn,o-neck,short,natural,cotton,null,null,print,0
39,1054679816,party,Average,4.6,M,Winter,o-neck,sleevless,natural,cotton,null,lace,solid,1
40,941190190,Casual,Average,4.5,M,Spring,v-neck,short,empire,cotton,null,button,solid,1
41,943844640,Brief,Average,5,free,Spring,v-neck,sleevless,natural,cotton,broadcloth,lace,solid,1
42,661795386,Brief,Low,4.4,L,Automn,o-neck,halfsleeve,natural,rayon,chiffon,sashes,solid,0
43,875312593,Casual,Average,4.8,M,Winter,o-neck,short,natural,lycra,broadcloth,applique,patchwork,0
44,971387676,Casual,Low,4.8,free,Spring,o-neck,sleevless,natural,cotton,null,null,print,0
45,1021185637,vintage,Average,4.8,M,Winter,o-neck,sleevless,natural,cotton,null,null,patchwork,1
46,1163826114,Sexy,Average,0,M,Winter,o-neck,short,natural,null,null,lace,solid,0
47,735635595,Sexy,Average,4.8,L,Spring,v-neck,threequarter,empire,polyster,null,lace,geometric,0
48,1175184188,Casual,Average,0,M,Summer,o-neck,halfsleeve,natural,cotton,chiffon,ruffles,dot,1
49,679415939,Casual,Low,4.7,M,Summer,o-neck,sleevless,empire,milksilk,null,null,solid,0
50,884147971,Casual,Medium,0,L,Winter,boat-neck,full,empire,null,null,null,solid,1
51,841203385,Sexy,Low,5,free,Summer,v-neck,sleevless,empire,null,chiffon,null,animal,1
52,1117997056,Casual,Low,4.3,free,Summer,o-neck,sleevless,null,milksilk,null,null,animal,0
53,1160536550,Casual,Average,0,L,Spring,o-neck,halfsleeve,natural,polyster,chiffon,hollowout,solid,1
54,828623528,Casual,Average,4.6,free,Automn,o-neck,sleevless,natural,polyster,chiffon,sashes,solid,1
55,763708514,sexy,Average,4.5,M,Spring,o-neck,threequarter,natural,polyster,null,lace,geometric,0
56,1153442065,Novelty,Average,0,S,Winter,turndowncollor,full,natural,cotton,null,null,patchwork,0
57,743729613,Casual,Average,4.9,S,Winter,turndowncollor,full,natural,cotton,null,null,solid,1
58,1000493051,sexy,Low,4.6,L,Automn,o-neck,sleevless,natural,null,null,lace,solid,1
59,911085061,bohemian,Low,4.5,M,Summer,v-neck,sleevless,natural,polyster,null,null,print,1
60,1174854264,work,Average,0,M,Automn,slash-neck,sleevless,natural,polyster,null,bow,patchwork,0
61,1053296757,cute,High,0,M,Spring,v-neck,full,natural,rayon,null,null,solid,1
62,1033843327,Casual,Average,0,free,Spring,o-neck,short,natural,cotton,null,hollowout,plaid,0
63,1083779666,Casual,Average,5,M,Summer,o-neck,short,empire,polyster,chiffon,null,animal,0
64,746255172,Casual,Average,4.7,M,spring,o-neck,sleevless,natural,null,chiffon,sashes,solid,0
65,1100974555,Sexy,Low,4,S,Automn,o-neck,sleevless,empire,cotton,null,null,solid,1
66,1019134411,Casual,Average,5,M,Automn,v-neck,short,natural,cotton,broadcloth,beading,solid,0
67,1072477320,Casual,Low,0,free,Summer,v-neck,halfsleeve,natural,silk,broadcloth,applique,solid,0
68,638423913,Casual,Medium,4.5,S,Winter,o-neck,full,natural,polyster,null,null,patchwork,1
69,936425780,work,Average,4.8,L,Summer,v-neck,short,natural,polyster,null,hollowout,solid,0
70,1146088956,Casual,Medium,0,M,Automn,v-neck,short,empire,polyster,null,null,solid,0
71,864253055,bohemian,Average,5,free,Summer,v-neck,sleevless,natural,cotton,batik,null,print,1
72,1210582154,sexy,Low,0,M,Spring,v-neck,short,natural,polyster,satin,ruffles,solid,1
73,926480831,Sexy,Average,4.2,M,Winter,v-neck,sleevless,natural,cotton,flannael,null,solid,0
74,757260823,Casual,Low,4.8,free,Spring,o-neck,full,natural,cotton,worsted,lace,solid,0
75,630561922,Casual,Low,4.4,S,Automn,o-neck,sleevless,natural,polyster,null,null,solid,0
76,734061929,Casual,Low,4.7,L,Spring,o-neck,short,null,chiffonfabric,chiffon,bow,dot,0
77,842060995,Casual,Average,5,XL,Winter,boat-neck,full,null,cotton,null,null,geometric,1
78,1078431253,Casual,Low,0,free,Spring,v-neck,sleevless,null,cotton,null,null,print,0
79,939770391,Casual,Average,0,free,Spring,o-neck,sleevless,natural,null,chiffon,null,solid,0
80,943188872,bohemian,very-high,4.7,free,Winter,v-neck,sleevless,null,polyster,null,null,null,1
81,1130994272,Casual,Low,5,M,Summer,v-neck,sleevless,empire,polyster,chiffon,ruffles,animal,0
82,907117649,party,Average,4.7,M,Spring,v-neck,sleevless,natural,polyster,chiffon,hollowout,solid,0
83,967999477,Sexy,Low,5,free,Spring,o-neck,full,natural,cotton,worsted,null,striped,0
84,944656411,vintage,Low,4.6,M,Summer,o-neck,short,natural,null,chiffon,null,print,0
85,1096779299,Casual,Average,0,free,Winter,o-neck,halfsleeve,empire,polyster,chiffon,hollowout,solid,0
86,1036333255,Casual,low,4.9,L,Summer,boat-neck,short,null,null,chiffon,null,patchwork,1
87,1065316076,Casual,Low,0,S,Automn,o-neck,full,natural,null,null,beading,solid,1
88,995802744,Sexy,Average,4,S,Automn,v-neck,sleevless,null,rayon,chiffon,null,patchwork,1
89,1018110870,Sexy,Low,5,M,Automn,o-neck,full,natural,null,chiffon,lace,print,1
90,850586379,Brief,Average,4.6,M,Winter,peterpan-collor,threequarter,null,cotton,null,null,solid,0
91,1169895668,Casual,Average,0,L,Spring,boat-neck,sleevless,natural,cotton,null,applique,patchwork,1
92,688966772,Casual,Average,4.8,L,Winter,o-neck,short,natural,cotton,null,pockets,solid,1
93,1194626925,OL,Medium,0,M,Winter,mandarin-collor,halfsleeve,natural,cotton,null,sashes,solid,0
94,876708804,Sexy,Low,4.8,M,Spring,o-neck,halfsleeve,natural,silk,null,null,solid,0
95,1118628066,Casual,Medium,0,S,Spring,v-neck,full,null,null,null,null,animal,1
96,1027818824,Casual,Medium,0,M,Spring,v-neck,threequarter,natural,silk,chiffon,ruffles,solid,1
97,891103323,Casual,Average,0,M,Spring,o-neck,sleevless,natural,silk,null,null,print,0
98,1166855026,Casual,Average,0,free,Winter,v-neck,full,natural,null,chiffon,ruffles,print,0
99,1023850025,vintage,Low,4.8,S,Summer,o-neck,short,natural,null,chiffon,ruffles,print,0
100,805438829,Sexy,Low,4.8,L,Summer,v-neck,full,natural,cotton,jersey,applique,print,1
101,836788720,fashion,Average,4,free,Summer,open,full,null,cotton,null,sequined,solid,0
102,835787654,Casual,Average,4.7,L,Summer,v-neck,short,natural,null,null,null,print,1
103,1148457078,Casual,Low,0,free,Winter,o-neck,halfsleeve,natural,polyster,worsted,null,patchwork,1
104,887476609,bohemian,Low,4.8,free,Summer,o-neck,short,null,null,null,null,animal,1
105,535968075,work,Medium,4.6,L,Winter,sqare-collor,short,empire,cotton,null,Tiered,solid,0
106,892801580,vintage,Average,4.7,L,Summer,o-neck,short,natural,cotton,null,button,solid,0
107,732650169,cute,Low,4.7,M,Spring,o-neck,short,empire,polyster,chiffon,ruffles,dot,1
108,680070369,Casual,Low,4.6,free,Automn,o-neck,full,natural,cotton,null,null,solid,1
109,1002440915,Casual,Medium,0,free,Spring,o-neck,sleevless,natural,cotton,broadcloth,sequined,solid,1
110,737538048,Casual,Average,4.7,L,Automn,o-neck,halfsleeve,null,null,null,lace,null,0
111,1104450248,Sexy,Average,0,L,Automn,v-neck,sleevless,empire,null,chiffon,null,patchwork,0
112,797673346,Casual,Low,4.7,free,Winter,o-neck,sleevless,natural,cotton,jersey,null,solid,1
113,1039982741,Casual,Average,0,M,Automn,o-neck,short,empire,polyster,null,applique,print,0
114,829087315,cute,Average,4.8,L,Automn,slash-neck,sleevless,natural,null,chiffon,hollowout,solid,0
115,1032990258,party,Average,5,M,Spring,o-neck,halfsleeve,natural,null,null,null,null,1
116,939422280,cute,Average,4.3,L,Winter,o-neck,sleevless,natural,null,chiffon,null,solid,0
117,974746803,Casual,Average,4.5,L,Spring,o-neck,short,natural,cotton,chiffon,null,patchwork,0
118,1018130478,Casual,Low,4.7,L,Automn,o-neck,full,null,cotton,chiffon,lace,print,0
119,956758119,Casual,Low,4.5,free,Automn,v-neck,short,natural,silk,worsted,lace,solid,0
120,903426442,sexy,Average,3.6,L,Winter,v-neck,full,natural,polyster,woolen,beading,solid,1
121,861626197,work,Average,4.8,L,Winter,v-neck,short,natural,mix,broadcloth,lace,solid,0
122,1077015977,vintage,Average,0,free,Summer,o-neck,sleevless,null,null,null,null,null,0
123,817870237,Sexy,Low,4.6,free,Spring,o-neck,full,natural,null,null,lace,leopard,1
124,1078996836,Sexy,Low,0,free,Winter,v-neck,sleevless,empire,cotton,chiffon,null,solid,1
125,881530990,work,Average,4.6,L,Spring,o-neck,short,empire,cotton,jersey,null,patchwork,0
126,937046375,Casual,Average,4.4,M,Summer,o-neck,short,empire,null,null,lace,patchwork,0
127,870994067,cute,Low,4.9,M,Automn,o-neck,short,natural,chiffonfabric,chiffon,bow,dot,0
128,893330898,Sexy,Low,4.6,free,Summer,v-neck,sleevless,natural,cotton,broadcloth,beading,solid,0
129,822053936,party,Average,4.4,free,Automn,v-neck,threequarter,natural,null,null,null,solid,0
130,1059959935,Casual,Average,0,free,Spring,o-neck,short,null,cotton,null,lace,null,1
131,1197204708,Casual,Low,0,M,Summer,v-neck,full,natural,acrylic,null,lace,solid,0
132,713439584,Sexy,Average,4.6,M,Winter,o-neck,full,natural,polyster,null,null,patchwork,1
133,732736124,work,Average,4.6,M,Spring,v-neck,full,null,null,chiffon,null,null,0
134,709353440,cute,Average,4.7,L,Winter,o-neck,sleevless,natural,chiffonfabric,null,lace,solid,0
135,1031230798,bohemian,Average,4.7,L,Automn,o-neck,sleevless,natural,null,chiffon,null,solid,0
136,1225512606,cute,High,0,M,Winter,o-neck,threequarter,empire,silk,chiffon,lace,patchwork,0
137,1158347154,Casual,Average,0,XL,Winter,o-neck,short,empire,polyster,null,button,solid,0
138,976975672,Novelty,Average,4.9,L,Automn,o-neck,short,natural,polyster,chiffon,null,print,1
139,520233308,Casual,Low,4.7,M,Automn,o-neck,full,null,cotton,null,null,solid,0
140,935827969,cute,Average,4.3,free,Summer,boat-neck,sleevless,null,null,null,null,null,1
141,1130624045,Sexy,Low,0,free,Automn,slash-neck,short,empire,null,null,hollowout,solid,0
142,547555172,cute,Low,4.7,XL,Summer,o-neck,short,empire,chiffonfabric,chiffon,bow,print,0
143,1083323104,Sexy,low,4.5,L,Spring,o-neck,sleevless,null,null,null,lace,solid,0
144,955188745,Casual,Average,4.7,M,Automn,o-neck,sleevless,null,cotton,null,null,animal,1
145,1140306858,Casual,Average,0,L,Spring,boat-neck,sleevless,natural,cotton,null,lace,solid,1
146,895807023,cute,low,4.7,free,Summer,o-neck,sleevless,null,null,chiffon,null,print,1
147,818505402,Casual,low,4.4,free,Summer,turndowncollor,sleevless,natural,cotton,null,null,solid,0
148,897981100,Casual,Average,4.8,L,winter,v-neck,short,empire,polyster,null,ruffles,solid,0
149,973481686,vintage,Average,4.3,free,winter,o-neck,short,null,chiffonfabric,chiffon,null,print,0
150,1021375534,cute,low,4.5,L,Summer,o-neck,sleevless,natural,cotton,chiffon,sashes,solid,1
151,549437715,Casual,Average,4.4,M,Summer,turndowncollor,sleevless,natural,chiffonfabric,chiffon,null,solid,0
152,1097548715,vintage,Medium,0,S,Winter,turndowncollor,halfsleeve,natural,cotton,broadcloth,null,plaid,0
153,578702321,Sexy,low,4.7,free,Summer,turndowncollor,sleevless,natural,cotton,null,null,solid,1
154,1155548915,vintage,High,0,L,Summer,o-neck,short,natural,cotton,null,null,print,0
155,1199064757,Casual,low,0,free,Spring,v-neck,threequarter,null,silk,null,lace,null,1
156,1078994436,Sexy,Average,0,S,Automn,slash-neck,short,natural,null,null,lace,solid,0
157,949226757,Casual,Low,0,free,Spring,o-neck,short,natural,null,null,hollowout,solid,0
158,832191944,cute,Medium,5,free,Winter,o-neck,sleevless,natural,silk,null,lace,solid,1
159,869572905,Casual,Low,4.7,free,Summer,o-neck,sleevless,null,null,null,null,print,0
160,896048351,Sexy,Low,4.8,free,Spring,v-neck,sleevless,null,null,null,sequined,solid,1
161,854444464,Casual,Average,4.5,L,Winter,o-neck,short,natural,cotton,null,bow,patchwork,0
162,1246749980,vintage,Average,0,S,Spring,o-neck,full,natural,mix,chiffon,embroidary,print,0
163,849613634,Casual,Average,3.7,free,Automn,boat-neck,full,null,null,null,null,solid,1
164,1019768234,vintage,Average,4.8,L,Winter,o-neck,sleevless,natural,cotton,null,null,patchwork,0
165,785830491,cute,Average,0,XL,Spring,boat-neck,full,null,cotton,worsted,applique,dot,1
166,832391864,Casual,Average,0,L,Winter,open,short,natural,mix,poplin,applique,solid,1
167,1069595866,sexy,Medium,5,M,Winter,o-neck,sleevless,empire,polyster,null,bow,solid,0
168,733715437,Brief,Average,4.9,free,Summer,slash-neck,sleevless,natural,null,null,null,solid,0
169,828949946,Casual,High,4.9,S,Spring,o-neck,threequarter,natural,null,null,null,dot,1
170,765264430,Brief,Average,4.6,free,Winter,o-neck,full,natural,mix,null,sashes,solid,0
171,722020708,Casual,Low,4.5,free,Winter,o-neck,full,natural,mix,worsted,applique,solid,0
172,980295760,Casual,Low,4.8,XL,Summer,o-neck,short,empire,mix,chiffon,sashes,geometric,0
173,913978120,Sexy,Medium,4.6,L,Summer,o-neck,short,natural,spandex,jersey,lace,solid,0
174,1062354779,Casual,Average,4.5,M,Winter,v-neck,sleevless,natural,null,chiffon,button,striped,0
175,1051749304,work,Average,0,S,Automn,o-neck,sleevless,natural,linen,null,null,patchwork,0
176,1206128856,Casual,Low,0,L,Winter,o-neck,sleevless,empire,polyster,null,null,leopard,0
177,956453735,cute,low,5,L,Winter,o-neck,threequarter,natural,silk,chiffon,sashes,print,0
178,767971724,Brief,Average,4.3,M,Spring,o-neck,full,natural,mix,worsted,sequined,patchwork,1
179,722565148,Sexy,low,4.4,free,Automn,o-neck,full,empire,cotton,null,null,leopard,0
180,1167448608,cute,low,0,free,Summer,peterpan-collor,short,empire,cotton,broadcloth,applique,print,0
181,549159213,Casual,Average,4.5,free,Summer,o-neck,short,natural,cotton,null,null,solid,1
182,940918554,Sexy,low,4.7,M,Winter,slash-neck,sleevless,null,nylon,null,sashes,solid,1
183,522776523,Casual,low,4.7,free,Spring,o-neck,sleevless,empire,cotton,chiffon,null,floral,0
184,658650071,Casual,Medium,4.8,M,Winter,peterpan-collor,short,natural,polyster,chiffon,lace,patchwork,0
185,560474456,Sexy,low,4.3,free,Winter,v-neck,sleevless,natural,silk,worsted,lace,solid,1
186,1150052066,bohemian,Average,0,L,Winter,turndowncollor,full,natural,mix,null,null,solid,0
187,929797706,Casual,Low,0,free,,o-neck,full,natural,cotton,null,null,patchwork,0
188,886351969,cute,Medium,4.8,free,Spring,slash-neck,sleevless,natural,polyster,chiffon,sashes,solid,1
189,1071947910,Sexy,Average,0,S,Automn,v-neck,sleevless,empire,cotton,null,beading,solid,0
190,813753347,Casual,Low,4.6,S,Spring,o-neck,full,natural,cotton,null,null,solid,1
191,733134203,vintage,Medium,4.7,free,Spring,turndowncollor,sleevless,natural,mix,null,lace,solid,1
192,851256794,work,low,4.7,free,Summer,o-neck,full,empire,cotton,null,null,solid,0
193,751049573,cute,Average,4.8,M,Summer,o-neck,short,natural,cotton,null,rivet,solid,0
194,882490248,cute,Average,0,M,Summer,o-neck,short,natural,cotton,chiffon,null,print,0
195,541172235,Casual,Average,4.7,M,winter,o-neck,full,null,null,null,null,animal,0
196,727676110,Casual,low,4.6,free,winter,o-neck,full,natural,polyster,null,applique,solid,1
197,891631697,party,Average,5,free,Summer,v-neck,sleevless,null,null,null,null,null,0
198,1059306768,Casual,Average,0,free,Summer,v-neck,sleevless,natural,cotton,chiffon,null,patchwork,0
199,764321904,Sexy,Average,5,L,winter,o-neck,threequarter,natural,polyster,null,lace,geometric,0
200,902108125,Sexy,Average,4.8,free,Winter,o-neck,sleevless,natural,polyster,null,embroidary,solid,0
201,874397327,Casual,Average,4.7,S,Summer,v-neck,short,natural,cotton,null,null,dot,0
202,861698160,Casual,Average,4.1,M,Automn,v-neck,full,null,null,chiffon,sashes,null,1
203,981437831,Casual,Average,5,XL,Automn,o-neck,short,natural,chiffonfabric,chiffon,null,null,0
204,1036456647,Sexy,Average,5,M,Summer,v-neck,sleevless,empire,cotton,null,sequined,solid,1
205,951280194,work,Average,4.6,L,Summer,slash-neck,short,natural,cotton,null,null,solid,0
206,1079373429,Casual,Average,4.5,M,Summer,peterpan-collor,sleevless,null,null,null,null,null,0
207,747381880,vintage,Average,4.5,L,Automn,o-neck,sleevless,empire,null,worsted,null,solid,0
208,1099363892,Casual,Average,0,M,Summer,o-neck,threequarter,natural,nylon,broadcloth,null,solid,1
209,941333009,cute,Average,4.7,L,Summer,o-neck,sleevless,natural,cotton,worsted,null,print,0
210,819651586,bohemian,Low,4.7,free,Winter,o-neck,short,natural,nylon,null,sashes,print,0
211,1043590098,Casual,low,5,free,Spring,slash-neck,sleevless,empire,spandex,null,null,striped,1
212,1091666465,Casual,Average,5,M,Winter,o-neck,sleevless,natural,null,chiffon,sashes,solid,1
213,863336720,Casual,Average,4.3,free,Summer,o-neck,sleevless,natural,cotton,worsted,null,striped,0
214,771972560,work,low,4.5,M,Winter,v-neck,threequarter,null,null,null,null,patchwork,0
215,756492184,Casual,Average,4.3,S,Spring,boat-neck,full,natural,cotton,null,lace,patchwork,1
216,1097157656,Casual,Average,4.4,L,Automn,o-neck,halfsleeve,natural,null,dobby,lace,animal,0
217,573923366,sexy,Low,4.3,M,Automn,open,short,natural,lace,null,lace,print,0
218,756620535,Casual,Low,4.6,free,Summer,o-neck,full,natural,cotton,worsted,lace,solid,1
219,765350508,Casual,low,4.6,L,Winter,o-neck,full,null,cotton,null,null,null,0
220,968294356,Casual,Average,4.6,M,Spring,o-neck,sleevless,natural,null,chiffon,sashes,solid,1
221,1017678811,Casual,low,0,free,Automn,peterpan-collor,threequarter,empire,null,null,null,null,0
222,933231033,Casual,Average,4.7,S,Spring,o-neck,halfsleeve,empire,null,chiffon,null,null,1
223,1199765487,Casual,Average,0,S,Summer,o-neck,sleevless,empire,cotton,null,null,solid,0
224,965817793,Casual,low,4.8,free,Summer,o-neck,sleevless,natural,cotton,null,null,print,1
225,1074432879,Casual,Average,5,S,Winter,o-neck,sleevless,empire,polyster,chiffon,null,plaid,0
226,1132858821,Sexy,very-high,0,free,Winter,v-neck,sleevless,natural,polyster,knitting,null,solid,0
227,905732124,Casual,low,4.4,free,Summer,o-neck,sleevless,natural,polyster,null,sashes,print,0
228,711045472,Casual,Average,4.8,M,Automn,v-neck,short,null,null,chiffon,embroidary,print,1
229,923983419,Casual,Average,5,free,Summer,v-neck,sleevless,null,modal,null,null,patchwork,0
230,733025646,Sexy,low,4.8,M,Automn,v-neck,full,natural,cotton,null,null,print,1
231,720099861,Casual,Average,4.6,free,Winter,v-neck,full,natural,cotton,flannel,null,striped,0
232,923915314,Casual,Average,4.6,M,Winter,v-neck,full,natural,chiffonfabric,chiffon,null,null,0
233,1077555214,Casual,low,5,S,Spring,o-neck,sleevless,natural,chiffonfabric,null,null,print,0
234,1216538883,cute,Average,0,M,Winter,o-neck,short,natural,polyster,chiffon,sashes,solid,0
235,531254082,Casual,low,4.8,free,Spring,o-neck,sleevless,null,chiffonfabric,chiffon,null,print,1
236,890279029,Casual,Average,4.6,M,Automn,o-neck,short,empire,polyster,null,applique,dot,0
237,995964089,bohemian,Average,5,M,Spring,slash-neck,sleevless,empire,null,chiffon,ruffles,solid,1
238,868453353,Casual,Low,4.9,free,winter,o-neck,sleevless,empire,silk,null,sashes,print,1
239,1024954013,Casual,Average,4.7,L,Summer,o-neck,sleevless,natural,silk,chiffon,beading,solid,0
240,685606338,Casual,Medium,4.6,M,winter,o-neck,full,natural,cashmere,null,null,solid,1
241,877962269,Casual,Average,4.7,M,winter,v-neck,sleevless,empire,polyster,chiffon,applique,print,0
242,995644296,Sexy,Average,4.7,M,winter,v-neck,sleevless,natural,polyster,broadcloth,null,patchwork,0
243,1066273951,Casual,Average,3.5,M,winter,v-neck,short,natural,null,null,null,solid,0
244,822176645,Casual,Average,4.8,M,winter,o-neck,threequarter,natural,null,null,null,print,1
245,659466129,Casual,Average,0,M,winter,o-neck,full,natural,cotton,jersey,feathers,solid,1
246,694493217,Casual,low,4.6,M,Summer,o-neck,sleevless,natural,cotton,null,sashes,striped,0
247,793162246,Casual,Average,4.7,L,Spring,v-neck,halfsleeve,natural,null,broadcloth,null,print,1
248,817945281,Casual,low,4.5,free,Summer,o-neck,full,natural,cotton,null,button,solid,0
249,920902282,Casual,Average,4.7,M,Summer,o-neck,sleevless,natural,polyster,null,null,character,0
250,727820291,Casual,low,4.5,M,Winter,o-neck,short,natural,chiffonfabric,chiffon,null,solid,0
251,699738864,Casual,low,4.7,S,summer,o-neck,full,natural,cotton,null,null,patchwork,0
252,1197211965,cute,Low,0,free,Summer,boat-neck,sleevless,null,cotton,null,null,print,0
253,682561447,party,very-high,5,M,Spring,slash-neck,sleevless,natural,chiffonfabric,chiffon,flowers,null,1
254,999081623,Casual,Average,4.9,M,Automn,v-neck,sleevless,null,polyster,null,null,null,1
255,1108613896,party,very-high,0,L,Winter,v-neck,sleevless,natural,polyster,tulle,beading,null,0
256,1054555186,party,very-high,0,M,Winter,v-neck,cap-sleeves,null,null,chiffon,lace,null,0
257,915238287,Casual,Low,4.4,M,Winter,v-neck,turndowncollor,null,cotton,null,null,null,1
258,1107279894,party,very-high,0,M,Spring,v-neck,threequater,natural,lycra,sattin,applique,null,1
259,1163040038,party,high,0,M,Winter,Sweetheart,sleevless,natural,null,null,pearls,null,0
260,1091877430,party,high,0,M,Spring,Sweetheart,sleevless,null,nylon,null,null,null,0
261,1053467336,party,Average,5,M,Winter,o-neck,capsleeves,empire,polyster,null,lace,null,1
262,609889168,party,high,4.7,M,Winter,sweetheart,sleeveless,natural,null,chiffon,flowers,null,0
263,662727740,party,,4.8,free,Winter,o-neck,sleevless,empire,null,null,embroidary,null,1
264,1090993173,party,,4.5,L,Summer,,full,,,,,,1
265,963684109,party,very-high,4.9,M,Spring,Sweetheart,sleeevless,empire,null,chiffon,beading,null,1
266,619817668,party,high,4.6,M,winter,Sweetheart,sleevless,natural,null,chiffon,null,null,0
267,1066740059,party,Average,5,M,Spring,Sweetheart,sleevless,natural,polyster,null,null,null,1
268,732184480,party,very-high,4.8,L,Spring,Sweetheart,sleevless,empire,microfiber,organza,beading,null,1
269,1044683061,party,very-high,0,M,Winter,Sweetheart,sleevless,natural,polyster,chiffon,beading,null,1
270,579010251,party,high,4.6,L,Spring,slash-neck,sleevless,empire,silk,chiffon,beading,null,0
271,751364623,party,Average,4.8,L,,Sweetheart,sleevless,empire,null,null,pleat,null,1
272,898316819,party,Medium,4.6,S,Winter,Scoop,short,empire,null,null,crystal,null,0
273,622667306,party,very-high,4.9,M,Spring,Sweetheart,sleevless,natural,silk,chiffon,beading,null,1
274,809344968,party,Medium,4.8,S,Spring,v-neck,sleevless,empire,null,null,null,null,1
275,754138176,party,very-high,4.2,L,Winter,v-neck,sleevless,null,null,null,lace,null,1
276,674192921,Casual,Low,4.4,free,Summer,o-neck,sleevless,null,null,null,null,null,1
277,726446177,party,very-high,4.1,M,Winter,Scoop,short,natural,cotton,lace,applique,null,1
278,1193747589,party,very-high,0,M,Winter,o-neck,full,natural,null,null,feathers,null,1
279,676827184,Casual,high,4.6,M,Summer,Sweetheart,sleevless,empire,null,null,beading,null,1
280,619996560,party,Average,4.7,free,Winter,o-neck,sleevless,null,polyster,null,null,null,0
281,618420156,party,very-high,4.7,L,Winter,slash-neck,sleevless,empire,viscos,chiffon,beading,null,1
282,689486739,party,very-high,4.5,M,Spring,v-neck,cap-sleeves,null,null,null,lace,null,1
283,751364614,party,Average,4.7,free,Spring,Sweetheart,sleevless,empire,rayon,chiffon,beading,solid,1
284,825341937,party,high,4.8,M,Summer,Sweetheart,sleevless,princess,null,sattin,null,null,1
285,736813752,party,high,4.6,M,Summer,slash-neck,sleevless,natural,null,chiffon,null,null,1
286,636178374,party,Medium,4.7,M,Winter,o-neck,sleevless,empire,cotton,chiffon,button,null,1
287,743485617,cute,Average,4.4,free,Spring,Sweetheart,sleevless,empire,spandex,tulle,ruched,solid,1
288,933951149,party,Average,5,M,Spring,o-neck,sleevless,null,null,null,null,null,1
289,684561284,party,very-high,4.8,free,Spring,Sweetheart,sleevless,natural,polyster,chiffon,beading,null,1
290,616295248,party,Medium,4.8,M,Spring,o-neck,sleevless,natural,silk,chiffon,crystal,null,1
291,736076633,party,very-high,4.9,L,Spring,slash-neck,sleevless,null,null,chiffon,flowers,null,1
292,1108073621,party,Medium,0,free,Winter,v-neck,short,empire,null,chiffon,lace,null,1
293,1053002876,work,Average,5,free,Winter,o-neck,half,null,microfiber,null,null,null,0
294,444282011,party,very-high,4.9,M,Spring,v-neck,sleevless,empire,null,sattin,beading,null,1
295,949336768,Casual,high,5,free,Summer,v-neck,sleevless,natural,nylon,null,null,null,1
296,961972778,Casual,very-high,0,small,Spring,o-neck,full,null,null,chiffon,applique,null,0
297,893088817,Casual,Medium,4.7,M,Spring,o-neck,sleevless,natural,cotton,null,bow,null,1
298,952724683,party,Average,0,M,Spring,v-neck,sleevless,natural,null,null,null,null,1
299,855037000,Casual,Average,4.4,free,Summer,slash-neck,sleevless,empire,cotton,null,null,null,1
300,660016574,Casual,very-high,4.6,M,winter,o-neck,short,natural,null,null,flowers,null,1
301,738079582,Casual,Low,4.4,free,winter,halter,sleevless,natural,null,null,draped,null,1
302,861001391,party,high,4.5,M,winter,o-neck,sleevless,null,null,null,null,null,1
303,1099696103,Casual,Average,4.8,free,Summer,o-neck,sleevless,natural,null,null,null,null,0
304,1044288976,Sexy,Average,5,M,Summer,o-neck,sleeveless,natural,polyster,broadcloth,rivet,null,0
305,890848361,vintage,Average,4.9,free,Summer,o-neck,urndowncollor,empire,null,null,null,null,0
306,929503394,vintage,Average,4.7,S,Summer,turndowncollor,short,empire,cotton,null,null,null,0
307,1015249105,work,Average,4.9,M,Summer,sqare-collor,halfsleeve,empire,polyster,sattin,sashes,null,0
308,707537639,Casual,low,4.7,L,Spring,o-neck,short,natural,chiffonfabric,chiffon,null,null,0
309,702984554,Casual,Average,4.8,L,Automn,o-neck,short,natural,cashmere,null,null,null,0
310,896048351,Sexy,low,4.7,free,Spring,v-neck,sleeveless,null,null,null,sequined,null,1
311,1023830972,Casual,Average,0,S,Winter,slash-neck,halfsleeve,natural,nylon,broadcloth,null,null,0
312,959052557,Casual,Average,4.2,S,Winter,v-neck,sleevless,empire,other,chiffon,hollowout,patchwork,0
313,1246945687,Novelty,Average,0,free,Summer,o-neck,full,natural,cotton,sattin,hollowout,solid,0
314,510519284,Casual,Low,4.3,free,Summer,backless,sleevless,empire,chiffonfabric,chiffon,crystal,null,0
315,1079958917,Casual,Average,3.7,M,Summer,boat-neck,sleevless,natural,linen,null,null,null,0
316,1024325244,Casual,Average,5,free,winter,o-neck,sleevless,natural,polyster,broadcloth,lace,null,1
317,841203385,Sexy,low,5,free,Spring,v-neck,sleevless,empire,null,chiffon,null,null,0
318,1104504876,cute,Low,0,free,Winter,o-neck,sleevless,natural,null,chiffon,null,null,0
319,1010356223,vintage,Average,4.8,M,Summer,v-neck,full,natural,rayon,poplin,null,null,1
320,1031230798,bohemian,Average,4.8,L,Winter,o-neck,sleevless,natural,polyster,chiffon,null,solid,0
321,908989488,bohemian,Average,0,free,Spring,o-neck,sleevless,natural,rayon,chiffon,null,striped,1
322,822081627,Sexy,Average,4.5,M,Summer,bowneck,sleevless,null,cotton,chiffon,null,solid,0
323,1116072373,Novelty,Medium,4.2,M,Winter,o-neck,halfsleeve,natural,polyster,chiffon,hollowout,animal,1
324,856139963,Casual,Low,5,free,Spring,v-neck,full,natural,cotton,null,null,solid,1
325,1032982013,Casual,Average,5,L,Winter,o-neck,thressqatar,natural,polyster,null,applique,solid,0
326,879756967,Casual,Low,4.8,M,Winter,v-neck,sleevless,natural,polyster,null,null,print,0
327,912614690,bohemian,Low,5,free,Spring,o-neck,short,natural,nylon,jersey,sashes,print,1
328,1072784739,Casual,low,5,free,Spring,bowneck,sleevless,natural,silk,chiffon,applique,print,0
329,945651303,Casual,Low,5,M,Spring,o-neck,sleeevless,natural,chiffonfabric,chiffon,null,solid,1
330,858212832,cute,Average,4.3,M,Summer,NULL,NULL,natural,cotton,chiffon,null,solid,0
331,1219677488,Novelty,Average,0,free,winter,o-neck,short,natural,polyster,broadcloth,lace,null,1
332,886501087,cute,low,0,L,Spring,o-neck,sleevless,empire,null,null,null,null,1
333,944264938,Sexy,Low,4.8,free,Spring,slash-neck,sleevless,natural,cotton,broadcloth,sequined,solid,0
334,918722829,Sexy,Low,4.8,free,Summer,slash-neck,sleevless,empire,silk,null,lace,solid,0
335,750670078,Casual,Low,4.4,M,Winter,o-neck,sleevless,natural,polyster,null,null,solid,0
336,1028061165,Casual,Average,4.5,M,Winter,o-neck,sleevless,natural,polyster,chiffon,ruched,striped,0
337,699738864,Casual,Low,4.7,S,Summer,o-neck,full,natural,cotton,null,null,patchwork,0
338,905732124,Casual,low,4.4,free,Spring,o-neck,sleevless,natural,polyster,null,sashes,print,0
339,961230947,work,Average,4.9,M,Winter,slash-neck,short,natural,polyster,broadcloth,ruffles,solid,0
340,849947393,cute,Medium,4.6,free,Spring,o-neck,short,natural,chiffonfabric,null,hollowout,solid,1
341,857432541,Casual,Low,4.7,free,Spring,o-neck,halfsleeve,natural,silk,chiffon,sashes,print,0
342,1088674674,Casual,Low,4.7,M,Winter,o-neck,full,empire,polyster,chiffon,null,print,1
343,939250541,Casual,Average,4.8,M,Spring,o-neck,sleevless,natural,cotton,chiffon,hollowout,print,0
344,876708804,Sexy,Low,4.8,L,Summer,o-neck,sleevless,natural,cotton,null,null,solid,1
345,1032990258,Casual,Average,4.3,M,Spring,o-neck,halfsleeve,null,null,null,null,null,1
346,880692544,Casual,Average,4.7,XL,winter,v-neck,short,empire,milksilk,null,null,print,0
347,958270190,Casual,Low,0,L,winter,v-neck,full,null,null,null,null,solid,0
348,732757918,Sexy,Average,4.7,M,Automn,slash-neck,sleevless,natural,nylon,null,rivet,solid,0
349,898646576,Casual,Low,4.7,free,winter,o-neck,sleevless,natural,null,null,null,null,1
350,950048509,Casual,high,0,L,winter,v-neck,full,null,polyster,null,null,solid,0
351,754316257,Casual,Low,4.7,L,Summer,o-neck,sleevless,natural,silk,worsted,lace,patchwork,0
352,598523814,Casual,Average,4.7,free,Summer,v-neck,full,natural,cotton,null,sashes,solid,0
353,774130360,Casual,Average,0,free,Winter,v-neck,full,null,cashmere,null,null,solid,1
354,555727400,Casual,low,4.7,free,Summer,o-neck,capsleeves,natural,chiffonfabric,chiffon,null,print,1
355,537463111,Casual,Average,4.7,M,Summer,o-neck,thressqatar,null,chiffonfabric,chiffon,ruched,solid,0
356,933864550,Sexy,low,4.5,free,Summer,slash-neck,sleevless,null,polyster,Corduroy,null,null,0
357,944930838,vintage,low,4,free,Summer,turndowncollor,short,natural,cotton,wollen,hollowout,solid,0
358,901346821,Sexy,low,4.7,free,Summer,v-neck,sleevless,null,null,null,null,null,0
359,818295153,bohemian,low,5,free,Summer,o-neck,sleevless,empire,cotton,broadcloth,tassel,print,1
360,733134203,Casual,low,4.7,S,Winter,o-neck,sleeevless,natural,knitting,null,lace,solid,0
361,943414146,Sexy,Average,4.5,S,Winter,v-neck,sleevless,null,polyster,null,null,null,0
362,709353440,cute,Average,4.7,M,Summer,o-neck,sleevless,natural,chiffonfabric,null,sashes,splice,0
363,1190383536,vintage,Low,0,free,Summer,o-neck,sleevless,natural,cotton,batik,null,print,1
364,869138763,Casual,Average,4.1,L,winter,o-neck,sleevless,natural,polyster,null,null,null,1
365,977173764,Casual,Average,4.2,M,winter,v-neck,full,empire,polyster,null,lace,patchwork,1
366,918331326,Brief,Average,4.8,free,winter,v-neck,halfsleeve,natural,polyster,broadcloth,null,solid,0
367,733715437,Brief,Average,4.9,free,Winter,o-neck,sleevless,natural,null,null,null,solid,0
368,955679920,Sexy,Average,4.8,S,Winter,v-neck,sleevless,empire,polyster,chiffon,lace,solid,0
369,862814652,Casual,Average,4.7,L,Winter,o-neck,sleevless,natural,polyster,chiffon,null,patchwork,0
370,799301728,vintage,Average,4.7,M,Summer,v-neck,short,natural,rayon,null,beading,print,0
371,1039384371,Casual,Average,4.8,free,Summer,o-neck,sleevless,natural,cotton,chiffon,sashes,solid,0
372,746518490,Sexy,Low,4.7,M,Winter,v-neck,sleevless,natural,polyster,null,null,striped,0
373,720665176,Casual,Average,5,s,Spring,turndowncollor,full,empire,cotton,worsted,null,solid,0
374,1001750851,Casual,Low,1,M,Spring,o-neck,halfsleeve,null,null,chiffon,null,null,0
375,882975367,Sexy,Average,4.1,free,Summer,v-neck,sleevless,natural,cotton,null,lace,null,1
376,1069577979,Casual,Low,4,free,Summer,v-neck,sleevless,natural,cotton,broadcloth,hollowout,print,0
377,1079373429,work,Average,4.7,M,Spring,v-neck,sleevless,null,null,null,null,null,1
378,711704151,cute,Average,4.6,free,Spring,v-neck,full,natural,cotton,chiffon,null,solid,1
379,876761815,Casual,Low,5,M,Spring,o-neck,sleevless,natural,spandex,jersey,null,print,0
380,1062354779,Casual,Average,4.7,M,Automn,v-neck,sleevless,natural,null,chiffon,null,striped,1
381,727676110,Casual,low,4.6,free,winter,o-neck,full,natural,polyster,null,applique,solid,0
382,845853510,Casual,Average,4.5,L,Summer,o-neck,short,natural,cotton,jersey,pockets,solid,0
383,832090686,cute,Average,4.6,M,Automn,o-neck,thressqatar,natural,silk,chiffon,sashes,print,0
384,839305476,Casual,Low,4.6,free,Automn,o-neck,halfsleeve,natural,chiffonfabric,chiffon,null,leapord,1
385,855418066,Casual,Low,4.7,L,Summer,NULL,sleevless,null,cotton,null,null,solid,1
386,1211480431,Sexy,Low,0,L,Summer,o-neck,sleevless,empire,sill,null,null,striped,0
387,946741571,bohemian,Average,4,free,Winter,o-neck,sleevless,natural,polyster,chiffon,ruffles,striped,0
388,724177834,Casual,low,4.7,free,Summer,o-neck,full,natural,cotton,null,null,solid,1
389,975877364,work,Average,0,M,Summer,v-neck,sleevless,natural,cotton,worsted,null,solid,1
390,851697194,bohemian,Average,4.1,free,Summer,o-neck,thressqatar,null,null,null,hollowout,null,0
391,1108356000,Casual,Average,0,M,Spring,o-neck,halfsleeve,natural,null,null,lace,null,0
392,871219565,Brief,Low,4.6,M,Summer,o-neck,short,natural,cotton,null,null,animal,0
393,1250787559,cute,Low,0,free,Spring,v-neck,sleevless,empire,chiffonfabric,chiffon,null,null,1
394,942245416,Casual,Average,5,M,Spring,o-neck,thressqatar,null,spandex,null,null,null,0
395,900108476,Casual,Low,5,free,winter,o-neck,full,natural,wool,null,applique,solid,0
396,1019672746,vintage,Average,4.5,L,winter,o-neck,short,empire,null,null,sequined,patchwork,1
397,783980024,Casual,Average,4.5,free,Summer,o-neck,short,natural,polyster,null,null,solid,0
398,970655043,bohemian,Low,4.4,L,Summer,bowneck,short,natural,cotton,null,null,dot,0
399,1139064593,Casual,high,0,L,winter,v-neck,thressqatar,natural,polyster,null,ruffles,solid,1
400,939389270,Casual,Average,4.8,free,winter,o-neck,sleevless,null,polyster,null,sashes,solid,0
401,859321875,Brief,Low,4.7,M,Winter,o-neck,full,natural,cotton,null,null,patchwork,0
402,703395323,Casual,Medium,0,free,Winter,bowneck,full,null,cashmere,knitted,null,solid,1
403,1083779666,Casual,Average,4.7,M,Winter,o-neck,short,empire,polyster,shiffon,null,animal,0
404,966030991,party,Average,0,M,Summer,o-neck,full,natural,cotton,null,null,patchwork,1
405,866405822,bohemian,Average,4.8,S,Summer,v-neck,short,natural,cotton,null,null,solid,0
406,941564304,Sexy,Average,4.9,free,Summer,sqare-collor,sleevless,natural,polyster,null,sashes,print,0
407,1119360745,Casual,Average,3,M,Spring,turndowncollor,short,empire,polyster,null,sashes,patchwork,0
408,932375745,Casual,low,4.7,L,Automn,o-neck,short,natural,polyster,shiffon,null,patchwork,1
409,789373177,Casual,Average,4.3,M,Automn,o-neck,sleevless,natural,polyster,null,plain,solid,0
410,1135456589,Casual,Average,0,XL,Winter,v-neck,short,empire,polyster,shiffon,pockets,solid,1
411,932913675,Casual,Low,5,free,Summer,o-neck,sleevless,natural,model,jersey,plain,solid,1
412,1217548862,vintage,Average,0,L,Summer,sqare-collor,short,empire,cotton,chiffon,null,dot,1
413,755078866,Casual,Low,4.7,free,winter,o-neck,sleevless,natural,milksilk,null,null,animal,0
414,1052420390,vintage,Average,5,M,Summer,v-neck,thressqatar,natural,polyster,null,null,print,0
415,924108301,Casual,Low,4.7,L,Summer,o-neck,full,natural,mix,worsted,lace,patchwork,1
416,675980168,bohemian,Average,4.6,M,Spring,o-neck,sleevless,natural,shiffon,shiffon,sashes,solid,0
417,730603782,party,Average,4.8,M,Summer,o-neck,full,null,cotton,null,null,solid,1
418,934830377,bohemian,Low,4.6,free,Summer,v-neck,sleevless,natural,cotton,broadcloth,beading,solid,0
419,689406468,party,very-high,4.6,free,Summer,o-neck,sleevless,empire,rayon,null,hollowout,solid,0
420,870994067,cute,Low,4.8,M,Spring,o-neck,short,natural,shiffon,shiffon,bow,dot,1
421,1016250560,vintage,Average,0,M,Spring,o-neck,halfsleeve,empire,polyster,null,lace,animal,0
422,860334943,Casual,Medium,4.9,L,Winter,o-neck,short,natural,cotton,broadcloth,sashes,solid,0
423,863336720,Casual,Average,4.2,free,Summer,o-neck,sleevless,natural,cotton,worsted,null,striped,1
424,835915937,Casual,Average,4.9,M,Summer,o-neck,short,dropped,cotton,null,ruffles,patchwork,0
425,944641715,bohemian,Low,5,XL,Spring,v-neck,thressqatar,natural,null,shiffon,null,print,1
426,869395176,Casual,Average,4.7,M,Summer,o-neck,sleevless,null,cotton,null,null,dot,0
427,1097435333,Casual,Average,0,free,Summer,bowneck,halfsleeve,null,cotton,null,null,null,0
428,1124120907,Casual,Average,0,free,Summer,o-neck,sleevless,natural,cotton,null,lace,floral,0
429,1130463523,Sexy,Medium,0,free,winter,o-neck,sleevless,natural,polyster,null,sequined,solid,0
430,560474456,Sexy,low,4.4,free,Automn,v-neck,sleevless,natural,cotton,worsted,lace,solid,0
431,907669618,Sexy,Average,0,free,Spring,v-neck,full,natural,cotton,wollen,lace,solid,1
432,710089916,Brief,Average,4.9,XL,Spring,slash-neck,full,natural,null,null,sashes,solid,0
433,793162246,Casual,Average,4.7,XL,Summer,v-neck,halfsleeve,natural,null,broadcloth,null,print,1
434,1065317917,Casual,Average,0,free,Automn,v-neck,full,natural,cotton,null,lace,solid,0
435,737461130,Casual,Average,4.8,M,Summer,v-neck,full,natural,null,shiffon,null,null,0
436,663993130,Casual,Medium,4.9,L,Spring,sqare-collor,sleevless,empire,null,null,null,print,0
437,933231033,party,Average,4.7,M,Spring,o-neck,halfsleeve,empire,null,shiffon,null,patchwork,0
438,743417270,Sexy,low,4.4,free,Summer,bowneck,sleevless,natural,viscos,null,bow,solid,0
439,798898277,bohemian,Low,4.6,free,winter,o-neck,sleevless,empire,polyster,null,null,patchwork,1
440,549401113,Casual,Low,4.6,free,Autumn,o-neck,full,natural,rayon,null,lace,solid,1
441,857189807,Sexy,Low,4.5,free,Summer,o-neck,sleevless,empire,cotton,null,sashes,solid,1
442,1055149353,Sexy,Low,0,free,winter,v-neck,NULL,dropped,cotton,null,lace,null,1
443,1199912555,Casual,Average,0,XL,Spring,bowneck,sleevless,natural,mix,null,lace,solid,0
444,1249825438,Sexy,Average,0,free,Autumn,o-neck,full,natural,polyster,sattin,hollowout,solid,0
445,967191118,Sexy,Low,4.8,free,Spring,v-neck,sleevless,natural,null,null,null,striped,1
446,871620435,Brief,Low,4.7,free,Autumn,o-neck,sleevless,natural,null,shiffon,sequined,solid,0
447,865490824,Sexy,high,5,M,Summer,v-neck,sleevless,natural,mix,null,null,striped,0
448,1079955163,Casual,Average,4.6,L,Summer,bowneck,full,dropped,cotton,null,null,patchwork,0
449,600514129,cute,Medium,4.9,S,Summer,bowneck,sleevless,empire,null,null,bow,patchwork,1
450,976975672,Novelty,Average,4.9,M,Autumn,o-neck,short,natural,polyster,chiffon,none,print,0
451,720087997,Casual,Low,4.3,free,Spring,o-neck,full,null,null,chiffon,sashes,none,1
452,699651184,Casual,Low,4.7,S,Autumn,o-neck,sleevless,natural,cotton,null,null,solid,0
453,605122868,Casual,Average,4.8,L,Autumn,boat-neck,sleevless,natural,null,null,sashes,solid,0
454,1000425584,cute,Average,4.5,L,winter,v-neck,sleevless,natural,polyster,jersey,sashes,solid,1
455,549159213,Casual,Average,4.4,free,Summer,o-neck,capsleeves,natural,cotton,null,null,solid,0
456,898316315,party,Average,0,M,Spring,o-neck,sleevless,null,null,chiffon,null,solid,1
457,1017484769,Sexy,Low,0,free,Summer,v-neck,sleevless,dropped,null,null,null,null,1
458,733025646,Casual,Low,4.8,L,Summer,v-neck,thressqatar,natural,cotton,null,null,print,0
459,909624960,work,Average,5,M,Summer,o-neck,sleveless,natural,null,null,null,solid,1
460,1086459983,Novelty,Average,5,free,Summer,o-neck,sleeveless,natural,null,null,null,print,0
461,593007494,Casual,Low,4.6,free,Spring,v-neck,sleevless,natural,silk,chiffon,draped,solid,0
462,660179663,Casual,Average,4.5,M,Summer,o-neck,full,natural,cotton,null,lace,solid,0
463,1097157656,Casual,Average,4.5,L,Spring,boat-neck,thressqatar,natural,null,dobby,lace,animal,1
464,751776863,Casual,Average,4.5,free,Autumn,o-neck,halfsleeve,natural,cotton,chiffon,hollowout,solid,1
465,1253973206,cute,Low,0,M,Summer,boat-neck,short,null,null,chiffon,sashes,null,0
466,828790972,party,Average,4.9,M,winter,o-neck,halfsleeve,null,cotton,null,lace,null,1
467,933413410,Casual,Average,4.8,M,Summer,o-neck,halfsleeve,null,null,null,null,null,0
468,550959163,Casual,Low,4.4,L,Summer,o-neck,sleevless,natural,cotton,chiffon,null,solid,0
469,933926000,Casual,Average,4.3,M,winter,slash-neck,sleeveless,natural,polyster,null,sashes,solid,0
470,953168456,cute,Average,4.7,L,Summer,o-neck,sleevless,natural,polyster,broadcloth,lace,solid,0
471,1124754999,Sexy,Average,0,S,Summer,v-neck,sleevless,null,null,null,null,null,1
472,832949213,Casual,Low,4.4,free,Summer,o-neck,sleevless,null,null,null,null,animal,0
473,801216472,cute,high,4.3,M,Spring,boat-neck,full,natural,polyster,terry,lace,solid,1
474,929898500,work,Average,4.8,M,winter,turndowncollor,full,natural,null,null,null,solid,0
475,850490510,Casual,Average,4.6,M,Spring,o-neck,halfsleeve,natural,polyster,null,lace,solid,0
476,1099394392,Sexy,Low,0,free,Summer,v-neck,sleevless,empire,cotton,null,null,solid,0
477,674885710,Casual,high,4.9,XL,winter,v-neck,full,empire,cotton,null,sequined,solid,0
478,1122991519,Sexy,Low,0,free,winter,o-neck,sleevless,natural,lycra,chiffon,hollowout,solid,0
479,904781800,cute,Average,5,M,Autumn,v-neck,sleevless,natural,cotton,null,null,solid,0
480,974438263,cute,Low,0,free,Spring,v-neck,sleevless,natural,silk,worsted,lace,patchwork,1
481,875608094,Casual,Low,4.4,free,Summer,o-neck,full,natural,cotton,null,pockets,solid,0
482,1061890181,Casual,Average,0,L,Spring,o-neck,sleevless,natural,chiffonfabric,chiffon,sequined,solid,0
483,1033144189,cute,Average,4.7,M,Spring,o-neck,full,natural,rayon,chiffon,beading,solid,1
484,860406062,Casual,Average,4.6,M,winter,v-neck,halfsleeve,natural,silk,chiffon,sashes,solid,1
485,692445545,Casual,Low,4.4,free,Summer,o-neck,full,natural,cotton,null,null,solid,1
486,974775647,Casual,Low,5,M,Automn,o-neck,sleevless,empire,null,chiffon,null,print,1
487,1109819647,Casual,Average,0,free,winter,o-neck,short,natural,polyster,chiffon,cascading,solid,0
488,1223469038,Sexy,Average,0,free,winter,slash-neck,sleevless,natural,cotton,broadcloth,sequined,solid,1
489,511503677,Casual,Low,4.4,M,Summer,o-neck,halfsleeve,empire,chiffonfabric,chiffon,bow,solid,0
490,1190558632,cute,Average,0,L,Summer,o-neck,sleevless,empire,cotton,null,lace,solid,1
491,641665398,Casual,Low,4.8,free,winter,bowneck,full,natural,polyster,chiffon,bow,solid,0
492,964917582,Casual,Average,5,L,Summer,o-neck,sleevless,natural,cotton,null,null,null,1
493,859922576,cute,Average,4.6,M,Spring,o-neck,halfsleeve,natural,acrylic,chiffon,null,null,0
494,817353671,bohemian,Low,4.6,free,Summer,o-neck,sleevless,natural,cotton,chiffon,none,solid,1
495,990559192,Brief,Average,4.7,M,winter,o-neck,halfsleeve,natural,acrylic,chiffon,null,striped,0
496,713391965,Casual,Low,4.7,M,Spring,o-neck,full,natural,polyster,null,null,solid,1
497,722565148,Sexy,Low,4.3,free,Summer,o-neck,full,empire,cotton,null,null,null,0
498,532874347,Casual,Average,4.7,M,Summer,v-neck,full,empire,cotton,null,lace,solid,1
499,655464934,Casual,Average,4.6,L,winter,boat-neck,sleevless,empire,silk,broadcloth,applique,print,1
500,919930954,Casual,Low,4.4,free,Summer,v-neck,short,empire,cotton,Corduroy,lace,solid,0
